id,title,description,url,class,provider,columns,frequency,updated,contact,contact_phone
1,基因改造食品原料資料集,由專家學者組成基因改造食品審查小組，對基因改造食品原料逐案嚴格審查。藉由本資料集可查詢審核通過之基因改造食品原料。,http://data.fda.gov.tw/frontsite/data/DataAction.do?method=doDetail&infoId=1,食品,食品組,國際統一編號、產品類型、種類、品名、轉殖品系、申請者、核准日期、有效期限,每3個月,2016/07/30,李先生,02-2787-7331
2,基因改造食品原料英文資料集,"由專家學者組成基因改造食品審查小組，對基因改造食品原料逐案嚴格審查。藉由本資料集可查詢審核通過之基因改造食品原料(英文版)。 Current Approvals of Genetically Modified foods in Taiwan。",http://data.fda.gov.tw/frontsite/data/DataAction.do?method=doDetail&infoId=2,食品,食品組,UNIQUE_IDENTIFIER、PRODUCT_TYPE、PRODUCT、NAME、EVENT、APPLICANT、DATE_OF_EXPIRATION、DATE_OF_APPROVAL,每3個月,2016/07/30,李先生,02-2787-7331
3,食品添加物許可證資料集,藉由本資料集可查詢經衛生福利部查驗登記核可之產品資料。,http://data.fda.gov.tw/frontsite/data/DataAction.do?method=doDetail&infoId=3,食品,食品組,許可證字號、中文品名、英文品名、有效日期、申請商名稱、發證日期、申請商電話、劑型、用途、簽審文件、製造廠國別、成分、申請商地址、包裝量及單位,每3個月,2016/08/15,高先生,02-2787-7339
4,可供食品使用原料彙整一覽表,審核通過之可供食品使用原料彙整一覽表資料集，該一覽表係彙整經評估食用安全性之非傳統供食原料而成，以提供衛生單位管理及食品製售業者對產品自主管理之參考。,http://data.fda.gov.tw/frontsite/data/DataAction.do?method=doDetail&infoId=4,食品,食品組,類別、中文名稱、外文名稱、學名、部位、備註、檔案下載、類別說明,不定期,2015/06/11,何小姐,02-2787-7379
6,中華民國廚師證書資料集,廚師證書及廚師相關資料資料集，為換發廚師證書，本資料集有當事人之工作地址、技術士證(中餐、西餐；乙級、丙級)。,http://data.fda.gov.tw/frontsite/data/DataAction.do?method=doDetail&infoId=6,食品,食品組,工作地址、發證日期起、發證日期迄、職類等級、任職單位,不定期,2016/06/24,許先生,02-2787-7367
7,優良廚師資料集,衛生福利部食品藥物管理署為宣導持證廚師再教育並表揚我國優秀餐飲從業廚師，特設立此「TFDA優良廚師」表揚活動。,http://data.fda.gov.tw/frontsite/data/DataAction.do?method=doDetail&infoId=7,食品,食品組,年度、季別、優良事蹟、公告日期、編號、姓名,不定期,2016/06/16,許先生,02-2787-7367
8,衛生講習課程資料集,各公工會及教育機關辦理廚證衛生講習課程資料集，提供我國衛生講習課程開課及報名相關資訊。,http://data.fda.gov.tw/frontsite/data/DataAction.do?method=doDetail&infoId=8,食品,食品組,講習類別、講習開始日期、講習結束日期、講習時數、參加對象、招收人數、講習縣市、報名方式、講習地點、報名類別、報名開始日期、報名結束日期、報名地點、承辦單位、承辦人、連絡電話、承辦人Email、核備單位、核備文號、核備日期、備註說明、會員講習費用、非會員講習費用、課程名稱、時數、講師姓名、上課時間,不定期,2016/08/28,許先生,02-2787-7367
9,HACCP課程資料集,各公工會及教育機關辦理HACCP課程資料集，提供我國HACCP課程開課及報名相關資訊。,http://data.fda.gov.tw/frontsite/data/DataAction.do?method=doDetail&infoId=9,食品,食品組,講習類別、講習開始日期、講習結束日期、講習時數、參加對象、招收人數、講習縣市、報名方式、講習地點、報名類別、報名開始日期、報名結束日期、報名地點、承辦單位、承辦人、連絡電話、承辦人Email、核備單位、核備文號、核備日期、備註說明、會員講習費用、非會員講習費用、課程名稱、時數、講師姓名、上課時間,不定期,2016/08/27,許先生,02-2787-7367
10,餐飲業優良業者名單資料集,本署為鼓勵符合「食品良好衛生規範（GHP）」之優良餐飲業，繼續維持GHP規範、做好衛生自我管理，以提升餐飲衛生安全，並提供消費者選擇參考，自99年起實施餐飲衛生分級評核制度，由各地方衛生人員、專家學者組成評核小組，對餐飲業者之作業場所、設施及品保制度之管理進行評核。,http://data.fda.gov.tw/frontsite/data/DataAction.do?method=doDetail&infoId=10,食品,食品組,年度、餐飲業別、業者名稱、營業地址、等級,不定期,2014/10/03,林小姐,02-2787-7362
11,嬰兒配方食品及較大嬰兒配方輔助食品資料集,審核通過之嬰兒配方食品及較大嬰兒配方輔助食品資料集，讓民眾查詢衛生福利部查驗登記許可之嬰兒奶粉清單。,http://data.fda.gov.tw/frontsite/data/DataAction.do?method=doDetail&infoId=11,食品,食品組,核備函字號、類別、中文名稱、英文名稱、同一配方品牌、發證日期、有效日期、申請商名稱、申請商電話、申請商地址、劑型、包裝規格、成分、產地、簽審文件編號,每月,2016/08/11,陳先生/小姐,02-2787-7372
12,動物用藥殘留標準資料集,正面表列規定動物用藥殘留標準，該標準係依據科學證據，風險評估原則及配合前端農政機關之核准用藥情形所訂定，以作為行政裁量之管制標準，提供各界查閱遵循。,http://data.fda.gov.tw/frontsite/data/DataAction.do?method=doDetail&infoId=12,食品,食品組,學名、中文名稱、殘留部位、動物種類、殘留容許量ppm,不定期,2015/01/26,許小姐,02-2787-7313
13,農藥殘留容許量標準_農藥殘留容許量標準,正面表列規定農藥殘留容許量標準。,http://data.fda.gov.tw/frontsite/data/DataAction.do?method=doDetail&infoId=13,食品,食品組,國際普通名稱、普通名稱、作物類別、容許量ppm、備註,不定期,2016/08/05,汪小姐,02-2787-7314
14,農藥殘留容許量標準_得免訂定容許量之農藥一覽表,正面表列得免訂定容許量之農藥。,http://data.fda.gov.tw/frontsite/data/DataAction.do?method=doDetail&infoId=14,食品,食品組,農藥名稱、英文名稱,不定期,2014/06/20,汪小姐,02-2787-7314
15,農藥殘留容許量標準_公告禁用農藥一覽表,正面表列規定公告禁用農藥。,http://data.fda.gov.tw/frontsite/data/DataAction.do?method=doDetail&infoId=15,食品,食品組,農藥名稱、英文名稱、禁止製造或輸入日期、禁止銷售或使用日期,不定期,2014/06/13,汪小姐,02-2787-7314
16,農藥殘留容許量標準_農作物類農產品之分類表,表列適用於農藥殘留容許量標準之農作物類農產品之分類表。,http://data.fda.gov.tw/frontsite/data/DataAction.do?method=doDetail&infoId=16,食品,食品組,類別、農作物類農產品,不定期,2016/08/05,汪小姐,02-2787-7314
17,餐飲業食品安全管制系統衛生評鑑證明廠商資料集,審核通過之餐飲業食品安全管制系統衛生評鑑證明廠商資料集，餐飲業食品安全管制系統衛生評鑑，係為積極與有效推動餐飲業符合「食品安全管制系統」，以提昇餐飲衛生安全，特建立本評鑑。,http://data.fda.gov.tw/frontsite/data/DataAction.do?method=doDetail&infoId=17,食品,食品組,證書編號、縣市別、類別、廠商名稱、負責人、地址、電話、證書狀況、證書有效期限、最大安全生產量、食品衛生管理專責人員、管制小組成員、承包商名稱、承包商負責人、承包商地址、承包商電話、備註,不定期,2016/08/19,許先生,02-2787-7367
18,食品添加物業者及產品登錄資料集,藉由本資料集可查詢於食品業者登錄平台完成登錄之食品添加物業者及產品資訊。,http://data.fda.gov.tw/frontsite/data/DataAction.do?method=doDetail&infoId=18,食品,食品組,食品業者登錄字號、食品添加物產品登錄碼、公司或商業登記名稱、公司或商業登記地址、公司統一編號、公司型態、中文商品名稱、英文商品名稱、分類、型態,每月,2016/08/14,高先生,02-2787-7339
19,健康食品資料集,健康食品是一個法律名稱(『健康食品管理法』)，需經過FDA審查核可後，才可稱為健康食品，由業者主動申請後取得許可證後，才可上市銷售。,http://data.fda.gov.tw/frontsite/data/DataAction.do?method=doDetail&infoId=19,食品,食品組,許可證字號、類別、中文品名、核可日期、申請商、證況、保健功效相關成分、保健功效、保健功效宣稱、警語、注意事項。,每月,2016/08/20,江先生,02-2787-7332
20,食品營養成分資料集,食品營養成分資料集主要開放的對象為：民眾、營養師、業者…等，可參考此資料集的資料，計算產品外包裝的營養成分含量，或作為飲食指南參考。,http://data.fda.gov.tw/frontsite/data/DataAction.do?method=doDetail&infoId=20,食品,食品組,食品分類、資料類別、整合編號、樣品名稱、俗名、樣品英文名稱、內容物描述、廢棄率、分析項分類、分析項、含量單位、每100克含量、樣本數、標準差、每單位含量、每單位重、每單位重含量。,不定期,2015/09/10,施小姐,02-2787-7371
21,市售食品調查蔬果農藥殘留資料集,抽驗市售蔬果農藥殘留公布不合格資料。,http://data.fda.gov.tw/frontsite/data/DataAction.do?method=doDetail&infoId=21,食品,南區管理中心,年度、月份、分類、檢體名稱、農藥殘留量、抽樣衛生局、抽樣地點,不定期,2016/08/23,陳小姐,(07)262-2572
22,違規食品廣告資料集,本資料集匯整由各縣市衛生局行文副知本署之食品違規廣告處分紀錄，可顯示欄位以來文登載者為限，惟本資料集可能因後續修正裁量而有所變動，亦不代表處分主體之產品為違法，請審慎採參。,http://data.fda.gov.tw/frontsite/data/DataAction.do?method=doDetail&infoId=22,食品,企劃及科技管理組,違規產品名稱、違規廠商名稱或負責人、處分機關、處分日期、處分法條、刊播日期、刊播媒體類別、刊播媒體、查處情形,不定期,2016/04/02,吳小姐,02-2787-7247
23,輸入錠狀膠囊狀食品查驗登記資料集,藉由本資料集可查詢經衛生福利部查驗登記核備之輸入膠囊錠狀食品相關資訊。,http://data.fda.gov.tw/frontsite/data/DataAction.do?method=doDetail&infoId=23,食品,食品組,核備函字號、中文品名、英文品名、有效日期、發證日期、申請商名稱、申請商電話、申請商地址、成分、簽審文件編號,每3個月,2016/06/30,朱小姐,2787-7336
24,國產維生素類錠狀膠囊狀食品資料集,我國自100年1月起實施「國產維生素類錠狀膠囊狀食品查驗登記」，倘屬國內生產製造產品，其所添加之維生素係屬食品添加物(八)類之營養添加劑之用途，並符合衛生福利部(前衛生署)99年9月9日署授食字第0991301731號公告「應辦理查驗登記之國產維生素類錠狀、膠囊狀食品認定基準表」所列之11種維生素品項(維生素每日攝取量在「國人膳食營養素參考攝取量」150%以上、「食品添加物使用範圍及限量暨規格標準」上限以下，即應辦理查驗登記。,http://data.fda.gov.tw/frontsite/data/DataAction.do?method=doDetail&infoId=24,食品,食品組,查驗登記證許可文號、中文品名、英文品名、有效日期、發證日期、申請商名稱、申請商電話、申請商地址、製造商名稱、成分,不定期,2016/08/19,黎先生/小姐,02-2787-7386
25,真空包裝黃豆即食食品查驗登記資料集,衛生福利部強制性要求自100年11月6日起製造、加工真空包裝黃豆即食食品應向本部辦理查驗登記，須領有驗證證書或許可證，且需有標示「真空包裝」圖樣才能販賣；提供已通過真空包裝黃豆即食食品查驗登記之產品名稱、申請商、製造商及登記字號，供民眾查詢。,http://data.fda.gov.tw/frontsite/data/DataAction.do?method=doDetail&infoId=25,食品,食品組,申請公司名稱、製造商名稱、申請產品名稱、抑制肉毒桿菌因子、查驗登記字號、發證日期、有效日期,不定期,2014/08/08,陳小姐,02-2787-7358
28,餐盒食品工廠實施HACCP符合性稽查名單,(全名)衛生機關執行餐盒食品工廠實施食品安全管制系統符合性稽查結果名單。,http://data.fda.gov.tw/frontsite/data/DataAction.do?method=doDetail&infoId=28,食品,食品組,縣市、業者名稱、地址、公告類別、每日最大安全生產量_餐食份,不定期,2014/11/14,許先生,02-2787-7367
29,GMP製造許可廢止資料集,藥品優良製造證明書係依「藥物優良製造證明書申請辦法」核發，以一廠一證為原則(中文版及英文版各一)。本資料集提供GMP製造許可廢止名單及其廢止之日期和原因，藉此提供消費者、業者或從事醫療人員進一步使用。,http://data.fda.gov.tw/frontsite/data/DataAction.do?method=doDetail&infoId=29,風險管理,風險管理組,廢止日期、廠名、原因,不定期,2016/09/06,蘇先生/小姐,2787-7155
30,GMP證明書註銷資料集,GMP證明書係依據藥事法第56條，當廠商欲輸出藥品至國外時，因應輸入國要求而申請之GMP證明書，分為原料藥品項、原料藥廠及製劑廠（含倉儲包裝廠）GMP證明書3項。本資料集為註銷GMP藥廠名單，並同步署網更新，藉此提供消費者、業者或從事醫療人員進一步使用。,http://data.fda.gov.tw/frontsite/data/DataAction.do?method=doDetail&infoId=30,風險管理,風險管理組,註銷日期、廠名、證明書字號、原因,不定期,2015/03/10,蘇先生/小姐,2787-7155
31,"PIC/S GMP藥廠名單資料集",本資料集為食品藥物管理署稽核國內GMP藥廠之合格名單，本資料集同步署網更新，藉此提供消費者、業者或從事醫療人員進一步使用。,http://data.fda.gov.tw/frontsite/data/DataAction.do?method=doDetail&infoId=31,風險管理,風險管理組,類別、藥品製造許可編號、藥品製造許可有效期限、名稱、地址、電話、核准劑型、核定品項、核定作業內容、備註,不定期,2016/08/31,蘇先生/小姐,2787-7155
34,回收藥品資料集,本資料集為藥品回收分級、產品及原因等資料。,http://data.fda.gov.tw/frontsite/data/DataAction.do?method=doDetail&infoId=34,藥品,藥品組,回收分級、文號、日期、產品、許可證字號、批號、許可證持有者、原因,不定期,2016/08/23,詹先生/小姐,02-2787-7412
35,藥局基本資料,提供藥局名稱、地址、電話等基本資料。,http://data.fda.gov.tw/frontsite/data/DataAction.do?method=doDetail&infoId=35,藥品,藥品組,機構狀態、機構名稱、地址縣市別、地址鄉鎮市區、地址街道巷弄號、負責人姓名、負責人性別、電話、是否為健保特約藥局,不定期,2016/05/16,劉小姐,02-2787-7495
36,全部藥品許可證資料集,本資料集每週與藥證業務管理系統同步，藉此提供醫師、藥師、醫護人員、業者、民眾等使用者使用。,http://data.fda.gov.tw/frontsite/data/DataAction.do?method=doDetail&infoId=36,藥品,藥品組,許可證字號、註銷狀態、註銷日期、註銷理由、有效日期、發證日期、許可證種類、舊證字號、通關簽審文件編號、中文品名、英文品名、適應症、劑型、包裝、藥品類別、管制藥品分類級別、主成分略述、申請商名稱、申請商地址、申請商統一編號、製造商名稱、製造廠廠址、製造廠公司地址、製造廠國別、製程、異動日期、用法用量、包裝與國際條碼,每週,2016/08/30,王先生,02-2787-7405
37,未註銷藥品許可證資料集,本資料集僅提供未註銷藥品許可證資料，每週與藥證業務管理系統同步，藉此提供醫師、藥師、醫護人員、業者、民眾等使用者使用。,http://data.fda.gov.tw/frontsite/data/DataAction.do?method=doDetail&infoId=37,藥品,藥品組,許可證字號、註銷狀態、註銷日期、註銷理由、有效日期、發證日期、許可證種類、舊證字號、通關簽審文件編號、中文品名、英文品名、適應症、劑型、包裝、藥品類別、管制藥品分類級別、主成分略述、申請商名稱、申請商地址、申請商統一編號、製造商名稱、製造廠廠址、製造廠公司地址、製造廠國別、製程、異動日期、用法用量、包裝與國際條碼,每週,2016/08/30,王先生,02-2787-7405
38,藥品CCC號列資料集,本資料集提供藥品CCC號列資料，並每週與藥證業務管理系統同步，藉此提供醫師、藥師、醫護人員、業者、民眾等使用者使用。,http://data.fda.gov.tw/frontsite/data/DataAction.do?method=doDetail&infoId=38,藥品,藥品組,許可證字號、CCC號列一、CCC號列一說明,每週,2016/09/02,王先生,02-2787-7405
39,藥品仿單或外盒資料集,本資料集提供藥品仿單或外盒資料，並每週與藥證業務管理系統同步，藉此提供醫師、藥師、醫護人員、業者、民眾等使用者使用。,http://data.fda.gov.tw/frontsite/data/DataAction.do?method=doDetail&infoId=39,藥品,藥品組,許可證字號、中文品名、英文品名、仿單圖檔連結、外盒圖檔連結,每週,2016/09/02,王先生,02-2787-7405
40,藥品藥理治療分類AHFS/DI碼資料集,本資料集提供藥品藥理治療分類(AHFS/DI碼)資料，並每週與藥證業務管理系統同步，藉此提供醫師、藥師、醫護人員、業者、民眾等使用者使用。,http://data.fda.gov.tw/frontsite/data/DataAction.do?method=doDetail&infoId=40,藥品,藥品組,許可證字號、主或次項、代碼、英文分類名稱、中文分類名稱,每週,2016/09/01,王先生,02-2787-7405
41,藥品藥理治療分類ATC碼資料集,本資料集提供藥品藥理治療分類ATC碼資料，並每週與藥證業務管理系統同步，藉此提供醫師、藥師、醫護人員、業者、民眾等使用者使用。,http://data.fda.gov.tw/frontsite/data/DataAction.do?method=doDetail&infoId=41,藥品,藥品組,許可證字號、主或次項、代碼、英文分類名稱、中文分類名稱,每週,2016/08/30,王先生,02-2787-7405
42,藥品外觀資料集,本資料集提供藥品外觀資料，並每週與藥證業務管理系統同步，藉此提供醫師、藥師、醫護人員、業者、民眾等使用者使用。,http://data.fda.gov.tw/frontsite/data/DataAction.do?method=doDetail&infoId=42,藥品,藥品組,許可證字號、中文品名、英文品名、形狀、特殊劑型、顏色、特殊氣味、刻痕、外觀尺寸、標註一、標註二、外觀圖檔連結,每週,2016/09/01,王先生,02-2787-7405
43,藥品詳細處方成分資料集,本資料集提供藥品詳細處方成分資料，並每週與藥證業務管理系統同步，藉此提供醫師、藥師、醫護人員、業者、民眾等使用者使用。,http://data.fda.gov.tw/frontsite/data/DataAction.do?method=doDetail&infoId=43,藥品,藥品組,許可證字號、處方標示、成分名稱、成分代碼、含量描述、含量、含量單位,每週,2016/08/29,王先生,02-2787-7405
44,國外工廠GMP核備事項註銷,本資料集為國外工廠GMP核備事項註銷之名單，註銷通過本署國外查廠、工廠資料(PMF)審查所核發之證明文件，藉此提供消費者、業者或從事醫療人員進一步使用。,http://data.fda.gov.tw/frontsite/data/DataAction.do?method=doDetail&infoId=44,風險管理,風險管理組,註銷日期、發文字號、廠名、國別、廠址、註銷之GMP核備函及核備內容、代理商、原因,不定期,2016/01/27,蘇先生/小姐,2787-7155
45,嚴重違反GMP藥廠,"本資料集為嚴重違反GMP 藥廠名單，嚴重違反GMP之缺失，若有直接涉及產品品質之虞且涉及民眾用藥安全者，除勒令其部分產品、劑型或整廠停止生產或不得販賣外，將依回收作業實施要點規定，要求藥廠於期限內回收產品並回報本署，不得於市面流通。藥廠並應於期限內提出改善報告及矯正預防措施，並經本署確認後，該廠名單始可下架。本資料集同步署網更新，藉此提供消費者、業者或從事醫療人員進一步使用。",http://data.fda.gov.tw/frontsite/data/DataAction.do?method=doDetail&infoId=45,風險管理,風險管理組,廠名、地址、查廠日期、發佈日期、類別,不定期,2016/07/22,蘇先生/小姐,2787-7155
46,各年度各業別領有管制藥品登記證統計資料集,近10年各業別領有管制藥品登記證之現況統計。,http://data.fda.gov.tw/frontsite/data/DataAction.do?method=doDetail&infoId=46,管制藥品,管制藥品組,年度、醫院、診所、藥局、西藥製造業、西藥販賣業、獸醫診療機構、畜牧診療機構、動物用藥製藥、動物用藥販賣、醫藥教育研究試驗機構、合計,每一年,2014/09/19,王先生/小姐,02-2787-7616
47,各年度專門職業別領有使用執照統計資料集,近10年各專門職業別領有管制藥品使用執照之現況統計。,http://data.fda.gov.tw/frontsite/data/DataAction.do?method=doDetail&infoId=47,管制藥品,管制藥品組,年度、醫師、牙醫師、獸醫師、獸醫佐、合計,每一年,2014/09/19,王先生/小姐,02-2787-7616
48,藥物濫用者常見之術語資料集,本資料集提供藥物濫用者常用之術語，藉此提供醫師、藥師、醫護人員、業者、民眾等使用者使用。,http://data.fda.gov.tw/frontsite/data/DataAction.do?method=doDetail&infoId=48,管制藥品,管制藥品組,術語或黑話、涵義,不定期,2014/11/04,蕭先生/小姐,02-2787-7645
49,藥物濫用諮詢及輔導機構資料集,本資料集提供藥物濫用諮詢及輔導之機構名稱、地址及電話給有需要的民眾。,http://data.fda.gov.tw/frontsite/data/DataAction.do?method=doDetail&infoId=49,管制藥品,管制藥品組,機構名稱、地址、電話,不定期,2014/11/19,蕭先生/小姐,02-2787-7647
50,常見濫用管制藥品資料集,本資料集提供常見濫用管制藥品之相關資訊供民眾參考。,http://data.fda.gov.tw/frontsite/data/DataAction.do?method=doDetail&infoId=50,管制藥品,管制藥品組,類別、藥物名稱、俗名、分級、醫療用途、濫用方式、說明、圖片、圖片文字,不定期,2016/08/20,王小姐,2787-7645
51,銷售管制藥品一覽表,本資料集提供食品藥物管理署管制藥品工廠所販賣之管制藥品的銷售價格，藉此提供醫師、藥師、醫護人員、業者等使用者使用。,http://data.fda.gov.tw/frontsite/data/DataAction.do?method=doDetail&infoId=51,管制藥品,製藥工廠,管制級別、藥品名稱、藥品英文名稱、主要成分、適應症、有效期間、售價單位、售價單價、包裝規格、健保藥品代碼、分裝、備註,不定期,2016/03/23,吳小姐,02-2787-8036
52,不符合食品資訊資料集,本資料集係提供進口食品及相關產品之不符合資訊。,http://data.fda.gov.tw/frontsite/data/DataAction.do?method=doDetail&infoId=52,食品,北區管理中心,產地、主旨、原因、進口商名稱、進口商地址、貨品分類號列、不合格原因暨檢出量詳細說明、法規限量標準、製造廠或出口商名稱、製造商代碼、牌名、重量、處置情形、發布日期、報驗受理日期、附圖,不定期,2016/08/29,楊小姐,02-2787-8373
53,藥品安全資訊風險溝通資料,"本署針對藥品安全警訊，必要時會發布藥品安全資訊風險溝通表，以提醒醫療人員及民眾注意。
本資料集為提供藥品安全資訊風險溝通資料，將可停供醫療人員及民眾注意安全訊息。",http://data.fda.gov.tw/frontsite/data/DataAction.do?method=doDetail&infoId=53,藥品,藥品組,發布日期、藥品成分、藥品名稱及許可證字號、適應症、藥理作用機轉、訊息緣由、藥品安全有關資訊分析及描述、TFDA風險溝通說明,不定期,2015/02/11,楊先生,02-2787-7413
54,須執行藥品風險管理計畫藥品名單,"本署針對新藥或上市已久藥品，若發現其具有特定風險，必要時要求藥商執行藥品風險管理計畫，例如病人用藥須知、醫療人員通知，以確保民眾用藥安全。
本資料集為經本署要求執行風險管理計畫之藥品名單，將可提供醫療機構加強警示及通報藥品不良反應。",http://data.fda.gov.tw/frontsite/data/DataAction.do?method=doDetail&infoId=54,藥品,藥品組,許可證字號、中文品名、英文品名、申請商,不定期,2014/11/24,楊先生,02-2787-7413
55,監視中藥品名單,"依據藥物安全監視管理辦法，新藥上市後須納入藥物安全監視(5年)，藥商須定期交付安全性報告(包含國內外相關安全性資料)。
本資料集為監視中藥品名單，將可供醫療人員加強警示及通報藥品不良反應。",http://data.fda.gov.tw/frontsite/data/DataAction.do?method=doDetail&infoId=55,藥品,藥品組,許可證字號、發證日、商品名、許可證持有者、監視終止,不定期,2014/11/24,楊先生,02-2787-7413
56,藥物非臨床試驗優良操作規範認證通過單位資料集,提供本署藥物非臨床試驗優良操作規範認證通過單位之相關資料給民眾參考。,http://data.fda.gov.tw/frontsite/data/DataAction.do?method=doDetail&infoId=56,實驗室認證,風險管理組,項次、發函文號、編號、通過單位、合格範圍或試驗項目、有效期限,每3個月,2015/05/29,王先生,02-2787-7128
57,認可濫用藥物尿液檢驗機構名單資料集,提供本署認可濫用藥物尿液檢驗機構之相關資料給民眾參考。,http://data.fda.gov.tw/frontsite/data/DataAction.do?method=doDetail&infoId=57,實驗室認證,風險管理組,機構名稱、聯絡人、聯絡人電話、機構地址、認可項目、認可字號,每半年,2015/02/11,吳小姐,02-2787-7127
58,藥物化粧品認證實驗室名單資料集,提供本署藥物化粧品認證實驗室之相關資料給民眾參考。,http://data.fda.gov.tw/frontsite/data/DataAction.do?method=doDetail&infoId=58,實驗室認證,風險管理組,認證編號、實驗室名稱、實驗室地址、實驗室電話、實驗室網站、通過日期、檢驗項目、公告資訊名稱、公告資訊連結、認證證書連結,每3個月,2016/08/10,楊先生/小姐,02-2787-7124
59,食品認證實驗室名單資料集,提供本署食品認證實驗室之相關資料給民眾參考。,http://data.fda.gov.tw/frontsite/data/DataAction.do?method=doDetail&infoId=59,實驗室認證,風險管理組,認證編號、實驗室名稱、實驗室地址、實驗室電話、實驗室網站、通過日期、認證項目、公告資訊名稱、公告資訊連結、認證證書連結,每月,2016/08/05,陳先生,02-2787-7126
60,食品法規條文資料集,食品藥物管理署依職掌權責公告訂定食品相關法律規範，包含法律、標準、辦法、指引、要點、函釋…等。,http://data.fda.gov.tw/frontsite/data/DataAction.do?method=doDetail&infoId=60,食品,食品組,類別、法規性質、法規名稱、條文內容、發佈日期、附件下載,不定期,2016/09/06,黃先生,02-2787-7394
61,食品添加物使用範圍及限量暨規格標準資料集,准用之食品添加物功能類別、品項、使用範圍、限量、規格及其他使用規範。,http://data.fda.gov.tw/frontsite/data/DataAction.do?method=doDetail&infoId=61,食品,食品組,類別、中文品名、英文品名、使用食品範圍及限量、使用限制、規格、類別說明,不定期,2014/12/27,李先生,02-2787-7378
62,消費紅綠燈-國際食品資料集,針對國際食品資訊，由專人每日巡查國外衛生機關網站公布的資訊，主要選定本國進口量較大的國家，例如美、英、日、歐盟…等國家，翻譯並彙整後公開的資料。,http://data.fda.gov.tw/frontsite/data/DataAction.do?method=doDetail&infoId=62,食品,食品組,燈號、標題名稱、內容、附檔、更新日期,不定期,2016/09/05,紀先生,02-2787-7384
63,病人用特殊營養食品許可資料集,藉由本資料集可查詢經衛生福利部查驗登記核准之特定疾病配方食品之食品相關資訊。,http://data.fda.gov.tw/frontsite/data/DataAction.do?method=doDetail&infoId=63,食品,食品組,核備函字號、中文名稱、英文名稱、發證日期、有效日期、申請商名稱、申請商電話、申請商地址、劑型、包裝規格、成分、產地、簽審文件編號,每3個月,2016/08/04,王小姐,02-2787-7337
64,健康風險評估資料集,食品安全攸關人民的健康，亦是衛生福利部追求的目標，食品藥物管理署自95年起建置「健康風險評估資料」，除作為衛生福利部進行健康風險評估與風險溝通之科學證據及相關政策擬定之參據，並對外公開供消費者查詢。資料內容包含農藥、動物用藥、食品添加物、重金屬、微生物、過敏原、基因改造食品、食品容器具等，並對相關背景、用途、危害程度等進行說明。,http://data.fda.gov.tw/frontsite/data/DataAction.do?method=doDetail&infoId=64,食品,食品組,主類別、次類別、名稱、附檔說明,不定期,2016/04/27,黃先生,2787-7394
65,消費紅綠燈-國際藥品,針對國際藥品回收資訊，由人工每日巡查國外衛生機關網站公布的資訊，主要選定本國進口量較大的國家，例如美、英、日、歐盟…等國家，翻譯並彙整後公開的資料。,http://data.fda.gov.tw/frontsite/data/DataAction.do?method=doDetail&infoId=65,藥品,藥品組,燈號、標題名稱、內容、附檔、更新日期,不定期,2016/08/22,詹先生/小姐,02-2787-7412
66,藥品法規條文資料集,本資料集包含藥事法及其相關法規、藥害救濟法及其相關法規資料。,http://data.fda.gov.tw/frontsite/data/DataAction.do?method=doDetail&infoId=66,藥品,藥品組,類別、法規性質、法規名稱、條文內容、發佈日期、附件檔案,不定期,2016/08/09,李先生/小姐,02-2787-7466
67,人體器官保存庫許可資料集,以移植為目的，從事人體器官(含人體組織、細胞)及其衍生物之處理或保存，應依人體器官保存庫管理辦法申請設置人體器官保存庫(簡稱保存庫)。機構依規定進行申請後，經本署文件審查及實地履勘核可者，得人體器官保存庫設置許可，名單將依流程公告於網路。,http://data.fda.gov.tw/frontsite/data/DataAction.do?method=doDetail&infoId=67,風險管理,風險管理組,機構名稱、保存庫類別、保存庫設置地點,不定期,2016/08/29,周先生,02-2787-7179
68,醫療器材許可證資料集,本資料集提供醫療器材許可證資料，並每週與藥證業務管理系統同步，藉此提供醫師、藥師、醫護人員、業者、民眾等使用者使用。,http://data.fda.gov.tw/frontsite/data/DataAction.do?method=doDetail&infoId=68,醫療器材,醫療器材及化粧品組,許可證字號、註銷狀態、註銷日期、註銷理由、有效日期、發證日期、許可證種類、舊證字號、醫療器材級數、通關簽審文件編號、中文品名、英文品名、效能、劑型、包裝、醫器主類別一、醫器次類別一、醫器主類別二、醫器次類別二、醫器主類別三、醫器次類別三、主成分略述、限制項目、申請商名稱、申請商地址、申請商統一編號、製造商名稱、製造廠廠址、製造廠公司地址、製造廠國別、製程、異動日期,每週,2016/08/30,俞先生,02-2787-8075
70,醫療器材仿單或外盒資料集,本資料集提供醫療器材仿單或外盒資料，並每週與藥證業務管理系統同步，藉此提供醫師、藥師、醫護人員、業者、民眾等使用者使用。,http://data.fda.gov.tw/frontsite/data/DataAction.do?method=doDetail&infoId=70,醫療器材,醫療器材及化粧品組,許可證字號、中文品名、英文品名、仿單圖檔連結、外盒圖檔連結,每週,2016/09/01,俞先生,02-2787-8075
71,含藥化粧品許可證資料集,含藥化粧品許可證資料每週與藥證業務管理系統同步，藉此提供醫師、藥師、醫護人員、業者、民眾等使用者使用。,http://data.fda.gov.tw/frontsite/data/DataAction.do?method=doDetail&infoId=71,化粧品,醫療器材及化粧品組,許可證字號、註銷狀態、註銷日期、註銷理由、有效日期、發證日期、許可證種類、舊證字號、通關簽審文件編號、中文品名、英文品名、用途、劑型、包裝、化粧品類別、主成分略述、限制項目、申請商名稱、申請商地址、申請商統一編號、製造商名稱、製造廠廠址、製造廠公司地址、製造廠國別、製程、異動日期,每2週,2016/08/31,葉小姐,02-2787-7565
72,含藥化粧品詳細處方成分資料集,本資料集提供含藥化粧品詳細處方成分資料，並每週與藥證業務管理系統同步，藉此提供醫師、藥師、醫護人員、業者、民眾等使用者使用。,http://data.fda.gov.tw/frontsite/data/DataAction.do?method=doDetail&infoId=72,化粧品,醫療器材及化粧品組,許可證字號、處方標示、成分名稱、含量描述、含量、含量單位,每2週,2016/08/31,葉小姐,02-2787-7565
73,含藥化粧品仿單或外盒資料集,本資料集提供含藥化粧品仿單或外盒資料，並每週與藥證業務管理系統同步，藉此提供醫師、藥師、醫護人員、業者、民眾等使用者使用。,http://data.fda.gov.tw/frontsite/data/DataAction.do?method=doDetail&infoId=73,化粧品,醫療器材及化粧品組,許可證字號、中文品名、英文品名、仿單圖檔連結、外盒圖檔連結,每2週,2016/08/31,葉小姐,02-2787-7565
97,食品業者登錄資料集,藉由本資料集可查詢於食品業者登錄平台完成登錄之食品業者資訊。,http://data.fda.gov.tw/frontsite/data/DataAction.do?method=doDetail&infoId=97,食品,食品組,公司或商業登記名稱、公司統一編號、業者地址、食品業者登錄字號、登錄項目,每月,2016/08/16,高先生,02-2787-7339
98,西藥醫療器材化粧品廣告核准資料集,本資料集主要提供衛生單位核准之西藥、醫療器材及化粧品廣告核准基本資料，以供各界查詢。,http://data.fda.gov.tw/frontsite/data/DataAction.do?method=doDetail&infoId=98,其他,醫療器材及化粧品組,審查機關、產品類別、廣告品名、申請廠商、廣告核准字號、核准起始日期、核准結束日期、廣告類別,每天,2016/09/07,楊小姐,02-2787-7591
99,化粧品GMP查核名單資料集,本資料集開放化粧品GMP查核名單資料，並同步署網更新，藉此提供消費者、業者……等進一步使用。,http://data.fda.gov.tw/frontsite/data/DataAction.do?method=doDetail&infoId=99,化粧品,醫療器材及化粧品組,編號、廠商名稱、廠商地址、劑型、第1次通過日期、第2次通過日期、是否在3年有效期限內,不定期,2016/09/01,葉小姐,02-2787-7565
100,藥物濫用案件暨檢驗統計資料集,本資料集開放藥物濫用案件暨檢驗統計資料，並同步署網更新，藉此提供一般民眾等進一步使用。,http://data.fda.gov.tw/frontsite/data/DataAction.do?method=doDetail&infoId=100,管制藥品,管制藥品組,標題、連結,每月,2016/07/06,吳先生/小姐,02-2787-7637
101,管制藥品簡訊季刊資料集,本資料集開放管制藥品簡訊季刊資料，並同步署網更新，藉此提供一般大眾等進一步使用。,http://data.fda.gov.tw/frontsite/data/DataAction.do?method=doDetail&infoId=101,管制藥品,管制藥品組,發布日期、標題、網站連結,每四個月,2015/02/11,王小姐,02-2787-7634
102,國產及輸入生物藥品檢驗封緘資料集,本資料集提供國產及輸入生物藥品檢驗封緘資料，藉此提供醫師、藥師、醫護人員、業者、民眾等使用者使用。,http://data.fda.gov.tw/frontsite/data/DataAction.do?method=doDetail&infoId=102,研究檢驗,研究檢驗組,製劑別、申請廠商、製劑名稱、製造批號、有效期限、包裝、封緘數量、封緘劑量、封緘日期、備註,每月,2016/08/23,許先生,02-2787-7752
103,國內執行臨床試驗名單資料集,供查驗登記用國內臨床試驗報告備查清單。,http://data.fda.gov.tw/frontsite/data/DataAction.do?method=doDetail&infoId=103,藥品,藥品組,許可證字號、核准日期、英文品名、藥品有效成分、藥商名稱、期滿日期、類別,不定期,2016/05/13,林先生,02-2787-7458
104,經評估有替代藥品品項資料集,供廠商、醫療人員及民眾查詢藥品短缺相關訊息。,http://data.fda.gov.tw/frontsite/data/DataAction.do?method=doDetail&infoId=104,藥品,藥品組,編號、通報時間、中文品名、英文品名、許可證字號、成分學名、劑型劑量、許可證持有藥商、短缺原因、評估結果及建議,每月,2015/07/01,莊小姐,02-2787-7494
105,經評估無替代藥品品項資料集,供廠商、醫療人員及民眾查詢藥品短缺相關訊息,http://data.fda.gov.tw/frontsite/data/DataAction.do?method=doDetail&infoId=105,藥品,藥品組,編號、通報時間、中文品名、英文品名、許可證字號、成分學名、劑型劑量、許可證持有藥商、短缺原因、評估結果及建議,每月,2015/07/01,莊小姐,02-2787-7494
106,藥品已解除短缺品項資料集,本資料集來源來自藥品短缺資訊網的「最新消息」，並每日與該網站同步資訊，藉以提供醫療人員、業者、研究機構和一般民眾使用。,http://data.fda.gov.tw/frontsite/data/DataAction.do?method=doDetail&infoId=106,藥品,藥品組,編號、通報時間、中文品名、英文品名、許可證字號、成分學名、劑型劑量、許可證持有藥商、短缺原因、預估解決時間、備註,每月,2015/07/01,莊小姐,02-2787-7494
107,監視成分藥品執行國內BA/BE/Dissolution試驗清單資料集,已領有國內許可證之含監視新藥成分藥品於國內執行生體可用率、生體相等性或溶離率曲線比對試驗之紀錄清單。,http://data.fda.gov.tw/frontsite/data/DataAction.do?method=doDetail&infoId=107,藥品,藥品組,試驗藥品監視新藥成分、申請者、許可證、報告書BA、報告書BE、報告書Dis、報告書核准日期、對照品商品名、對照品製造廠名、國別,每3個月,2014/12/19,洪小姐,02-2787-7455
108,非監視成分藥品執行國內BA/BE/Dissolution試驗資料集,已領有國內許可證之含非監視新藥成分藥品於國內執行生體可用率、生體相等性或溶離率曲線比對試驗之紀錄清單。,http://data.fda.gov.tw/frontsite/data/DataAction.do?method=doDetail&infoId=108,藥品,藥品組,試驗藥品監視新藥成分、申請者、許可證、報告書BA、報告書BE、報告書Dis、報告書核准日期、對照品商品名、對照品製造廠名、國別,每3個月,2014/12/19,洪小姐,02-2787-7455
109,監視成分藥品執行國內BA/BE試驗統計資料集,所有曾於國內執行生體可用率或生體相等性試驗(不含溶離率曲線比對試驗)之監視成分藥品統計表(依成分分類，包含已領證或未領證之藥品),http://data.fda.gov.tw/frontsite/data/DataAction.do?method=doDetail&infoId=109,藥品,藥品組,試驗藥品監視新藥成分、報告書准、報告書不准、報告書小計,每3個月,2014/12/19,洪小姐,02-2787-7455
110,非監視成分藥品執行國內BA/BE試驗統計資料集,所有曾於國內執行生體可用率或生體相等性試驗(不含溶離率曲線比對試驗)之非監視成分藥品統計表(依成分分類，包含已領證或未領證之藥品),http://data.fda.gov.tw/frontsite/data/DataAction.do?method=doDetail&infoId=110,藥品,藥品組,試驗藥品非監視新藥成分、報告書准、報告書不准、報告書小計,每3個月,2014/12/19,洪小姐,02-2787-7455
111,醫療器材GMP認可登錄資料集,本資料集來源來自醫療器材E化管理資料庫查詢系統，並每週與該系統同步三年內有效期間內資訊，藉以提供醫療人員、業者、研究機構和一般民眾使用。,http://data.fda.gov.tw/frontsite/data/DataAction.do?method=doDetail&infoId=111,風險管理,風險管理組,製造廠名稱、製造廠地址、登錄號碼、登錄品項、是否在3年有效期間內、有效期限,每週,2016/08/31,戴先生/小姐,02-2787-7184
112,醫療器材QSD認可登錄資料集,本資料集來源來自醫療器材E化管理資料庫查詢系統，並每週與該系統同步三年內有效期間內資訊，藉以提供醫療人員、業者、研究機構和一般民眾使用。,http://data.fda.gov.tw/frontsite/data/DataAction.do?method=doDetail&infoId=112,風險管理,風險管理組,製造廠名稱、製造廠地址、登錄號碼、登錄品項、國別、藥商名稱、是否在3年有效期間內、有效期限,每週,2016/09/01,戴先生/小姐,2787-7184
113,牛海綿狀腦病專家諮詢會委員名單資料集,本資料集提供「牛海綿狀腦病專家諮詢會委員名單」，以提供一般民眾、業者、學術機構等使用。,http://data.fda.gov.tw/frontsite/data/DataAction.do?method=doDetail&infoId=113,食品,食品組,年度、姓名、專長、發布日期,每2個月,2015/02/11,陳小姐,02-27877324
114,食品中毒案件各月別案件數統計,本資料集提供民國70年以後「食品中毒案件各月別案件數統計」，以提供一般民眾、業者、學術機構等使用。,http://data.fda.gov.tw/frontsite/data/DataAction.do?method=doDetail&infoId=114,食品,食品組,年度、一月、二月、三月、四月、五月、六月、七月、八月、九月、十月、十一月、十二月、總計,每一年,2014/12/22,黃小姐,02-2787-7392
115,食品中毒案件病因物質案件數統計,本資料集提供民國70年以後「食品中毒案件案件病因物質案件數統計」，以提供一般民眾、業者、學術機構等使用。,http://data.fda.gov.tw/frontsite/data/DataAction.do?method=doDetail&infoId=115,食品,食品組,年度、病因物質判明合計、細菌性中毒小計、腸炎弧菌、沙門氏桿菌、病原性大腸桿菌、金黃色葡萄球菌、仙人掌桿菌、肉毒桿菌、其它、化學物質、天然毒、諾羅病毒、病因物質不明合計,每一年,2014/12/22,黃小姐,2787-7392
116,食品中毒案件原因食品案件數統計,本資料集提供民國70年以後「食品中毒案件原因食品案件數統計」，以提供一般民眾、業者、學術機構等使用。,http://data.fda.gov.tw/frontsite/data/DataAction.do?method=doDetail&infoId=116,食品,食品組,年度、原因食品判明合計、水產品、水產加工品、肉類及其加工品、蛋類、乳類、穀類、蔬果類、糕餅糖果類、複合調理食品、其他、原因食品不明合計,每一年,2014/12/22,黃小姐,02-2787-7392
117,食品中毒案件攝食場所案件數統計,本資料集提供民國70年以後「食品中毒案件攝食場所案件數統計」，以提供一般民眾、業者、學術機構等使用。,http://data.fda.gov.tw/frontsite/data/DataAction.do?method=doDetail&infoId=117,食品,食品組,年度、自宅、供膳之營業場所、學校、辦公場所、醫療場所、運輸工具、部隊、野外、攤販、外燴、監獄、其他、總計,每一年,2014/12/22,黃小姐,02-2787-7392
118,食品中毒案件攝食場所患者數統計,本資料集提供民國70年以後「食品中毒案件攝食場所患者數統計」，以提供一般民眾、業者、學術機構等使用。,http://data.fda.gov.tw/frontsite/data/DataAction.do?method=doDetail&infoId=118,食品,食品組,年度、自宅、供膳之營業場所、學校、辦公場所、醫療場所、運輸工具、部隊、野外、攤販、外燴、監獄、其他、總計,每一年,2014/12/22,黃小姐,02-2787-7392
119,食品中毒案件食品被污染或處置錯誤場所案件數統計,本資料集提供民國79年以後「食品中毒案件食品被污染或處置錯誤場所案件數統計」，以提供一般民眾、業者、學術機構等使用。,http://data.fda.gov.tw/frontsite/data/DataAction.do?method=doDetail&infoId=119,食品,食品組,年度、自宅、供膳之營業場所、學校、辦公場所、醫療場所、食品工廠、攤販、販賣地點、部隊、原料食品採集場所、野外、外燴、監獄、其他、不明場所、總計,每一年,2014/12/22,黃小姐,02-2787-7392
120,本署新聞公告資料集,本資料集提供本署新聞公告資料，提供學術單位、業者、民眾等使用者使用。,http://data.fda.gov.tw/frontsite/data/DataAction.do?method=doDetail&infoId=120,其他,資訊室,標題、內容、附檔連結、發布日期,不定期,2016/09/07,陳先生,02-2787-7895
121,公告檢驗方法資料集,本資料集提供公告檢驗方法資料，藉此提供學術單位、實驗機構、業者、民眾等使用者使用。,http://data.fda.gov.tw/frontsite/data/DataAction.do?method=doDetail&infoId=121,研究檢驗,研究檢驗組,檢驗方法編碼、標題、發布日期、連結,不定期,2016/08/05,徐小姐,02-2787-7718
122,建議檢驗方法資料集,本資料集提供建議檢驗方法資料，藉此提供學術單位、實驗機構、業者、民眾等使用者使用。,http://data.fda.gov.tw/frontsite/data/DataAction.do?method=doDetail&infoId=122,研究檢驗,研究檢驗組,檢驗方法編碼、標題、發布日期、連結,不定期,2016/09/02,徐小姐,02-2787-7718
123,食品添加物規格檢驗方法資料集,本資料集提供食品添加物規格檢驗方法資料，藉此提供學術單位、實驗機構、業者、民眾等使用者使用。,http://data.fda.gov.tw/frontsite/data/DataAction.do?method=doDetail&infoId=123,研究檢驗,研究檢驗組,代碼、標題、發布日期、連結,不定期,2016/06/02,徐小姐,02-2787-7718
124,藥物食品安全週報資料集,本資料集來源來自食品藥物管理署之藥物食品安全週報專區，並每週與該網頁同步更新，藉以提供一般民眾使用。,http://data.fda.gov.tw/frontsite/data/DataAction.do?method=doDetail&infoId=124,風險管理,風險管理組,標題、連結、發布日期,每週,2016/09/07,杜先生/小姐,02-2787-7115
125,牛海綿狀腦病專家諮詢會議紀錄資料集,本資料集提供103年以後「牛海綿狀腦病專家諮詢會議之會議記錄」，以提供一般民眾、業者、學術機構等使用。,http://data.fda.gov.tw/frontsite/data/DataAction.do?method=doDetail&infoId=125,食品,食品組,會議名稱、會議紀錄檔案連結、發布日期,每半年,2016/06/15,陳小姐,02-2787-7324
126,輸入食品安全管理國際研討會議資料集,本資料集提供輸入食品安全管理國際研討會議資料，藉此提供學術單位、業者、民眾等使用者使用。,http://data.fda.gov.tw/frontsite/data/DataAction.do?method=doDetail&infoId=126,食品,食品組,類別、標題、發布日期、連結,每一年,2015/11/12,連小姐,02-2787-7326
127,輸入食品宣導單張資料集,本資料集提供輸入食品宣導單張資料，藉此提供、業者、民眾等使用者使用。,http://data.fda.gov.tw/frontsite/data/DataAction.do?method=doDetail&infoId=127,食品,食品組,標題、發布日期、連結,每一年,2016/02/03,連小姐,02-2787-7326
128,HACCP課程辦理單位名單資料集,本資料集提供食品藥物管理署認可之HACCP課程辦理單位名單資料，藉此提供學術單位、業者、民眾等使用者使用。,http://data.fda.gov.tw/frontsite/data/DataAction.do?method=doDetail&infoId=128,食品,食品組,名稱、地址、電話、連結,每半年,2016/05/08,許先生,02-2787-7367
129,衛生講習機構名單資料集,本資料集提供各縣市衛生局認可之衛生教育講習機構名單資料，藉此提供學術單位、業者、民眾等使用者使用。,http://data.fda.gov.tw/frontsite/data/DataAction.do?method=doDetail&infoId=129,食品,食品組,名稱、地址、電話、全國性講習機構、連結,每半年,2016/05/08,許先生,02-2787-7367
130,廚師證書辦理單位名單資料集,本資料集提供廚師證書辦理單位名單資料，藉此提供學術單位、業者、民眾等使用者使用。,http://data.fda.gov.tw/frontsite/data/DataAction.do?method=doDetail&infoId=130,食品,食品組,名稱、地址、電話、連結,每月,2016/08/08,許先生,02-2787-7367
131,消費紅綠燈-國際化粧品,針對國際化粧品回收資訊，由人工每日巡查國外衛生機關網站公布的資訊，主要選定本國進口量較大的國家，例如美、英、日、歐盟…等國家，翻譯並彙整後公開的資料。,http://data.fda.gov.tw/frontsite/data/DataAction.do?method=doDetail&infoId=131,化粧品,醫療器材及化粧品組,燈號、標題名稱、事件過程、處置建議、附檔、更新日期,每月,2016/08/04,郭先生/小姐,2787-7596
132,年度管制藥品實地稽核查獲違規者違規項目統計資料集,本資料集提供年度管制藥品實地稽核查獲違規者違規項目統計資料，並每年更新，藉此提供一般民眾等使用者使用。,http://data.fda.gov.tw/frontsite/data/DataAction.do?method=doDetail&infoId=132,管制藥品,管制藥品組,"違規項目、機構業者別_醫院、機構業者別_診所、機構業者別_藥局、機構業者別_西藥製造、機構業者別_西藥販賣、機構業者別_畜牧獸醫機構、機構業者別_獸醫診療機構、機構業者別_ 動物用藥品製造、機構業者別_動物用藥品販售、機構業者別_醫藥教育研究試驗機構、機構業者別_其他、機構業者別_合計",每一年,2016/07/22,鍾小姐,02-2787-7624
133,年度管制藥品實地稽核結果資料集,本資料集提供年度管制藥品實地稽核結果資料，並每年更新，藉此提供一般民眾等使用者使用。,http://data.fda.gov.tw/frontsite/data/DataAction.do?method=doDetail&infoId=133,管制藥品,管制藥品組,機構業者別、稽核家次、違規家次、違規比例,每一年,2016/07/22,鍾小姐,02-2787-7624
134,臺灣觀光夜市美食街衛生自主管理與輔導資料集,本資料集提供民國100年至102年「臺灣觀光夜市美食街衛生自主管理與輔導資料」，提供一般民眾參考使用。惟103年起未辦理觀光夜市美食街之輔導計畫，故本資料集將不再新增資料。,http://data.fda.gov.tw/frontsite/data/DataAction.do?method=doDetail&infoId=134,食品,食品組,年度、區域、觀光夜市名稱或美食街名稱、店家名稱、供餐型式,每一年,2015/02/05,張小姐,02-2787-7366
135,輸入食品管理暨輸入查驗統計年報出版品資料集,本資料集提供輸入食品管理暨輸入查驗統計年報出版品連結，藉此提供學術單位、業者、民眾等使用者使用。,http://data.fda.gov.tw/frontsite/data/DataAction.do?method=doDetail&infoId=135,食品,食品組,標題、連結,每一年,2015/02/05,陳小姐,02-2787-7329
136,罕見疾病藥物年報,本資料集提供罕見疾病藥物資料庫系統的藥物年報，藉此提供學術單位、業者、民眾等使用者使用。,http://data.fda.gov.tw/frontsite/data/DataAction.do?method=doDetail&infoId=136,藥品,藥品組,藥物年報名稱、檔案下載連結、目錄連結,每一年,2015/03/19,黃小姐,2787-7441
137,各年度各國食品輸入重量前10名資料集,本資料集提供各年度各國食品輸入重量前10名，藉此提供學術單位、業者、民眾等使用者使用。,http://data.fda.gov.tw/frontsite/data/DataAction.do?method=doDetail&infoId=137,食品,北區管理中心,年度、排名、國別、輸入重量,每一年,2016/08/22,呂小姐,02-2787-8376
138,各年度輸入重量前10名之中分類產品資料集,本資料集提供各年度輸入重量10名之中分類產品，藉此提供學術單位、業者、民眾等使用者使用。,http://data.fda.gov.tw/frontsite/data/DataAction.do?method=doDetail&infoId=138,食品,北區管理中心,年度、排名、產品中分類、輸入重量公噸、佔總輸入重量百分比,每一年,2016/08/22,呂小姐,02-2787-8376
139,各年度輸入食品各中分類產品檢驗結果資料集,本資料集提供各年度輸入食品各中分類產品檢驗結果，藉此提供學術單位、業者、民眾等使用者使用。,http://data.fda.gov.tw/frontsite/data/DataAction.do?method=doDetail&infoId=139,食品,北區管理中心,年度、產品中分類、查驗批數、檢驗批數、檢驗批數比例、不符合批數、不符合批數比例,每一年,2016/08/22,呂小姐,02-2787-8376
140,各年度輸入食品各檢驗項目檢驗結果資料集,本資料集提供各年度輸入食品各檢驗項目檢驗結果，藉此提供學術單位、業者、民眾等使用者使用。,http://data.fda.gov.tw/frontsite/data/DataAction.do?method=doDetail&infoId=140,食品,北區管理中心,年度、檢驗項目、檢驗批數、不合格批數、不合格率一、不合格率二,每一年,2016/08/22,呂小姐,02-2787-8376
143,管制藥品管理相關法規資料集,食品藥物管理署依職掌權責公告訂定管制藥品管理相關法律規範，包含法律、標準、辦法、指引、要點、函釋…等。,http://data.fda.gov.tw/frontsite/data/DataAction.do?method=doDetail&infoId=143,管制藥品,管制藥品組,標題、連結、更新日期,每月,2016/08/10,王先生/小姐,02-2787-7616
144,衛生福利部食品藥物管理署預算書資料集,衛生福利部食品藥物管理署單位預算、衛生福利部食品藥物管理署附署單位預算。,http://data.fda.gov.tw/frontsite/data/DataAction.do?method=doDetail&infoId=144,其他,主計室,標題、發布日期、連結,每一年,2016/03/02,張小姐,02-2787-7958
145,衛生福利部食品藥物管理署決算書資料集,衛生福利部食品藥物管理署單位決算、衛生福利部食品藥物管理署附署單位決算。,http://data.fda.gov.tw/frontsite/data/DataAction.do?method=doDetail&infoId=145,其他,主計室,標題、發布日期、連結,每一年,2016/09/08,張小姐,02-2787-7958
146,化粧品不合格產品名單資料集,本資料集為「化粧品不合格產品名單」資料，並與署網同步更新，藉此提供學術單位、業者、民眾等使用者進一步使用。,http://data.fda.gov.tw/frontsite/data/DataAction.do?method=doDetail&infoId=146,化粧品,醫療器材及化粧品組,產品品名、批號、廠商名稱、品質檢驗判定結果,不定期,2015/03/25,楊小姐,2787-7591
147,市售食品中殘留動物用藥監測結果資料集,本資料集提供市售食品中殘留動物用藥監測結果，藉此提供學術單位、業者、民眾等使用者使用。,http://data.fda.gov.tw/frontsite/data/DataAction.do?method=doDetail&infoId=147,食品,中區管理中心,年度月份、抽樣衛生局、檢體名稱、抽驗廠商、檢出項目及殘留容許量,不定期,2015/04/20,陳先生,04-2369-2422
148,市售食品中真菌毒素汙染監測計畫檢驗結果資料集,本資料集提供市售食品中真菌毒素汙染監測計畫檢驗結果，藉此提供學術單位、業者、民眾等使用者使用。,http://data.fda.gov.tw/frontsite/data/DataAction.do?method=doDetail&infoId=148,食品,北區管理中心,年度、檢體名稱、抽驗廠商名稱、抽驗廠商地址、有效日期、產地、真菌毒素檢出量及其限量標準、發布日期,不定期,2015/04/01,陳先生,03-850-9021
149,食米中重金屬含量監測檢驗結果資料集,本資料集提供食米中重金屬含量監測檢驗結果，藉此提供學術單位、業者、民眾等使用者使用。,http://data.fda.gov.tw/frontsite/data/DataAction.do?method=doDetail&infoId=149,食品,北區管理中心,年度、檢體名稱、抽樣廠商名稱、抽樣廠商地址、產地、重金屬檢測殘留量、處辦情形,每一年,2015/04/01,陳先生/小姐,02-2787-8333
150,塑膠類食品器具容器包裝宣導資訊資料集,本資料集提供署網的塑膠類食品器具容器包裝宣傳海報，藉此提供學術單位、業者、民眾等使用者使用。,http://data.fda.gov.tw/frontsite/data/DataAction.do?method=doDetail&infoId=150,食品,食品組,標題、發布日期、連結,每月,2016/08/02,林先生,2787-7365
151,塑膠類食品器具容器包裝歷年檢驗結果資料集,本資料集提供署網的塑膠類食品容器具包裝歷年檢驗結果，藉此提供學術單位、業者、民眾等使用者使用。,http://data.fda.gov.tw/frontsite/data/DataAction.do?method=doDetail&infoId=151,食品,食品組,標題、發布日期、連結,每一年,2016/04/12,林先生,2787-7365
152,醫療器材安全警訊資料集,本資料集提供醫療器材安全警訊資料，藉此提供學術單位、業者、民眾等使用者使用。,http://data.fda.gov.tw/frontsite/data/DataAction.do?method=doDetail&infoId=152,醫療器材,醫療器材及化粧品組,標題、連結、發布日期,不定期,2016/08/01,周先生,02-2787-7519
156,違規藥品廣告資料集,本資料集擷取自各縣市衛生局登錄之藥品廣告處辦紀錄，可顯示欄位以系統開放者為限，惟本資料集可能因後續修正裁量而有所變動，亦不代表處分主體之產品為違法，請審慎採參。,http://data.fda.gov.tw/frontsite/data/DataAction.do?method=doDetail&infoId=156,藥品,企劃及科技管理組,違規產品名稱、違規廠商名稱或負責人、處分機關、處分日期、處分法條、違規情節、刊播日期、刊播媒體類別、刊播媒體、查處情形,每週,2016/09/05,陳先生,02-2787-7248
157,違規醫療器材廣告資料集,本資料集擷取自各縣市衛生局登錄之醫療器材廣告處辦紀錄，可顯示欄位以系統開放者為限，惟本資料集可能因後續修正裁量而有所變動，亦不代表處分主體之產品為違法，請審慎採參。,http://data.fda.gov.tw/frontsite/data/DataAction.do?method=doDetail&infoId=157,醫療器材,企劃及科技管理組,違規產品名稱、違規廠商名稱或負責人、處分機關、處分日期、處分法條、違規情節、刊播日期、刊播媒體類別、刊播媒體、查處情形,每週,2016/09/05,陳先生,02-2787-7248
158,違規化粧品廣告資料集,本資料集擷取自各縣市衛生局登錄之化粧品廣告處辦紀錄，可顯示欄位以系統開放者為限，惟本資料集可能因後續修正裁量而有所變動，亦不代表處分主體之產品為違法，請審慎採參。,http://data.fda.gov.tw/frontsite/data/DataAction.do?method=doDetail&infoId=158,化粧品,企劃及科技管理組,違規產品名稱、違規廠商名稱或負責人、處分機關、處分日期、處分法條、違規情節、刊播日期、刊播媒體類別、刊播媒體、查處情形,每週,2016/09/05,陳先生,02-2787-7248
